{
    "yolov11_gpu1_conf05": {
        "mAP50": 0.6600000000000001,
        "mAP50-95": 0.5682500000000001,
        "precision": 1.0,
        "recall": 0.32
    },
    "yolov11_gpu2_conf05": {
        "mAP50": 0.6216666666666666,
        "mAP50-95": 0.4740555555555554,
        "precision": 0.9946446431260111,
        "recall": 0.32
    }
}