{
    "yolov11_gpu1": {
        "mAP50": 0.5075000000000001,
        "mAP50-95": 0.43144444444444446,
        "precision": 0.9914991631877994,
        "recall": 0.32
    },
    "yolov11_gpu2": {
        "mAP50": 0.567940947940948,
        "mAP50-95": 0.4014158385474175,
        "precision": 0.5789473684210527,
        "recall": 0.44
    }
}