{
    "yolov11_gpu1_conf05": {
        "mAP50": 0.6600000000000001,
        "mAP50-95": 0.5682500000000001,
        "precision": 1.0,
        "recall": 0.32
    },
    "yolov11_gpu2_conf05": {
        "mAP50": 0.4330952380952381,
        "mAP50-95": 0.3355119047619048,
        "precision": 0.659514730484817,
        "recall": 0.32
    }
}