{
    "yolov8": {
        "mAP50": 0.522863247863248,
        "mAP50-95": 0.43509218559218577,
        "precision": 0.8356444034729353,
        "recall": 0.32,
        "fitness": 0.43509218559218577
    },
    "yolov11": {
        "mAP50": 0.567940947940948,
        "mAP50-95": 0.4014158385474175,
        "precision": 0.5789473684210527,
        "recall": 0.44,
        "fitness": 0.4014158385474175
    }
}